{"epoch": 0, "time_epoch": 9486.4499, "time_epoch_std": 0.0, "eta": 37945.79961, "eta_std": 0.0, "eta_hours": 10.5405, "eta_hours_std": 0.0, "loss": 0.06691, "loss_std": 0.0, "lr": 0.0, "lr_std": 0.0, "params": 222915.0, "params_std": 0.0, "time_iter": 3.37957, "time_iter_std": 0.0, "mae": 0.06288, "mae_std": 0.0, "r2": -0.17466, "r2_std": 0.0, "rmse": 0.19758, "rmse_std": 0.0}
{"epoch": 1, "time_epoch": 10553.62827, "time_epoch_std": 0.0, "eta": 30060.11727, "eta_std": 0.0, "eta_hours": 8.35003, "eta_hours_std": 0.0, "loss": 0.01072, "loss_std": 0.0, "lr": 0.0001, "lr_std": 0.0, "params": 222915.0, "params_std": 0.0, "time_iter": 3.75975, "time_iter_std": 0.0, "mae": 0.02064, "mae_std": 0.0, "r2": 0.84422, "r2_std": 0.0, "rmse": 0.08029, "rmse_std": 0.0}
{"epoch": 2, "time_epoch": 9785.01028, "time_epoch_std": 0.0, "eta": 19883.3923, "eta_std": 0.0, "eta_hours": 5.52316, "eta_hours_std": 0.0, "loss": 0.00491, "loss_std": 0.0, "lr": 0.0002, "lr_std": 0.0, "params": 222915.0, "params_std": 0.0, "time_iter": 3.48593, "time_iter_std": 0.0, "mae": 0.01555, "mae_std": 0.0, "r2": 0.93859, "r2_std": 0.0, "rmse": 0.05419, "rmse_std": 0.0}
{"epoch": 3, "time_epoch": 6379.17303, "time_epoch_std": 0.0, "eta": 9051.06537, "eta_std": 0.0, "eta_hours": 2.51418, "eta_hours_std": 0.0, "loss": 0.00358, "loss_std": 0.0, "lr": 0.0003, "lr_std": 0.0, "params": 222915.0, "params_std": 0.0, "time_iter": 2.27259, "time_iter_std": 0.0, "mae": 0.01226, "mae_std": 0.0, "r2": 0.95698, "r2_std": 0.0, "rmse": 0.04526, "rmse_std": 0.0}
{"epoch": 4, "time_epoch": 6250.30316, "time_epoch_std": 0.0, "eta": 0.0, "eta_std": 0.0, "eta_hours": 0.0, "eta_hours_std": 0.0, "loss": 0.00298, "loss_std": 0.0, "lr": 0.0004, "lr_std": 0.0, "params": 222915.0, "params_std": 0.0, "time_iter": 2.22668, "time_iter_std": 0.0, "mae": 0.01091, "mae_std": 0.0, "r2": 0.96425, "r2_std": 0.0, "rmse": 0.04162, "rmse_std": 0.0}
