{"epoch": 0, "time_epoch": 9486.4499, "eta": 37945.79961, "eta_hours": 10.5405, "loss": 0.06691132, "lr": 5e-10, "params": 222915, "time_iter": 3.37957, "mae": 0.06288, "r2": -0.17466, "rmse": 0.19758}
{"epoch": 1, "time_epoch": 10553.62827, "eta": 30060.11727, "eta_hours": 8.35003, "loss": 0.0107228, "lr": 0.0001, "params": 222915, "time_iter": 3.75975, "mae": 0.02064, "r2": 0.84422, "rmse": 0.08029}
{"epoch": 2, "time_epoch": 9785.01028, "eta": 19883.3923, "eta_hours": 5.52316, "loss": 0.00491423, "lr": 0.0002, "params": 222915, "time_iter": 3.48593, "mae": 0.01555, "r2": 0.93859, "rmse": 0.05419}
{"epoch": 3, "time_epoch": 6379.17303, "eta": 9051.06537, "eta_hours": 2.51418, "loss": 0.00357673, "lr": 0.0003, "params": 222915, "time_iter": 2.27259, "mae": 0.01226, "r2": 0.95698, "rmse": 0.04526}
{"epoch": 4, "time_epoch": 6250.30316, "eta": 0.0, "eta_hours": 0.0, "loss": 0.00298402, "lr": 0.0004, "params": 222915, "time_iter": 2.22668, "mae": 0.01091, "r2": 0.96425, "rmse": 0.04162}
