{"epoch": 0, "time_epoch": 4.42493, "eta": 39.82433, "eta_hours": 0.01106, "loss": 0.04514582, "lr": 0.0, "params": 153219, "time_iter": 0.19239, "mae": 0.15687, "r2": -0.80549, "spearmanr": -0.10064, "mse": 0.04507, "rmse": 0.21229}
